{
  "recall": 1.0,
  "precision": 0.7647058823529411,
  "f1": 0.8666666666666667,
  "roc_auc": 0.9999999999999999,
  "feature_importances": {
    "recency_penalty": 0.27225618683176633,
    "days_since_last_login": 0.26602139580528755,
    "streak_days": 0.21374474197910695,
    "engagement_score": 0.0849098224083246,
    "assessment_participation_ratio": 0.08082048766288541,
    "video_watch_ratio": 0.05762738826629623,
    "avg_completion_rate": 0.01603602759579746,
    "forum_posts_last_30d": 0.006453949037535544,
    "participation_gap": 0.0021300004129999163
  }
}